value,trial_type
2.967924664598902,same
2.9968322399880467,same
3.4407982187506017,same
3.5600007964864617,same
2.8113338651789985,other
2.284698831632526,other
2.360643250365392,other
2.7993111137677995,other
