cue,trial_type,max
cued,same,48.79222234282233
cued,other,50.30212118346187
uncued,same,49.18662412104876
uncued,other,50.03495148808349
