value,trial_type
2.9386286804788684,same
2.967924664598902,same
2.9968322399880467,same
3.4407982187506017,same
3.5600007964864617,same
2.4803065712366252,other
2.37839875388892,other
2.524748001408988,other
2.0762567477867395,other
2.519229405358591,other
