value,prepost
2.36933971500628,pre
2.458855242563492,pre
2.511482615665723,pre
1.9227125457573468,pre
2.8414206906365393,pre
3.766307873176536,post
4.150722358332767,post
4.282636740219069,post
4.327176535313159,post
4.295896833659795,post
