value,trial_type
2.967924664598902,same
2.9968322399880467,same
3.4407982187506017,same
3.5600007964864617,same
2.39591372434384,other
2.2463497252275313,other
2.5950716073920983,other
2.2682229712401614,other
