value,prepost
1.8697568509477733,pre
2.136335779868444,pre
1.8475723236283963,pre
2.592729972259333,pre
1.8075032330521041,pre
2.5862103702425006,pre
4.101387407881284,post
3.985970522808087,post
3.9512563508308762,post
4.551349831793759,post
4.745489948623968,post
4.542634512373482,post
