value,prepost
2.4817402041666887,pre
2.6179668244629113,pre
2.1247358865722408,pre
2.8414206906365393,pre
4.150722358332767,post
4.282636740219069,post
4.327176535313159,post
4.295896833659795,post
