value,cued,prepost
1.6289118774059834,cued,pre
2.1154112596187966,cued,pre
1.627206411931466,cued,pre
1.7849761816764416,cued,pre
2.899073101265798,cued,post
3.096996659006961,cued,post
2.922707945452472,cued,post
3.502201312570451,cued,post
2.035153575122679,uncued,pre
1.6557449523739147,uncued,pre
2.29116572098744,uncued,pre
2.4108861751226796,uncued,pre
3.467145978105303,uncued,post
4.037576134282289,uncued,post
2.9672803988291294,uncued,post
2.6786863033784654,uncued,post
