value,prepost
2.881685684411316,pre
3.782864624672889,post
