trial_type,max
same,37.23222470988227
other,37.108139717758384
