value,trial_type
2.7940577426772326,same
2.4696043542265307,other
