cue,trial_type,max
cued,same,45.562746937701235
cued,other,45.2640196663288
uncued,same,45.26836605285848
uncued,other,45.52352673414242
