value,prepost
2.0282025473427767,pre
2.4735224503371733,pre
3.799528849481101,post
3.7279034510599596,post
