value,trial_type
3.12989040410791,same
3.0013642237921765,same
2.236077293996802,other
2.7240709709219937,other
