value,prepost
2.1979327673183833,pre
1.9548661485735968,pre
1.5043909901639618,pre
4.831059316473384,post
4.121050994249866,post
4.990607040844995,post
