value,trial_type
3.416611538586831,same
3.376800754681225,same
3.3729928603146977,same
2.108004087870995,other
2.0767469144899264,other
2.3936249285481286,other
