value,trial_type,cued
2.973979847567307,same,cued
2.5236545988738817,same,cued
2.761320390435008,same,cued
3.28478245072412,same,uncued
3.318896755494442,same,uncued
3.1664240834127835,same,uncued
2.4141244127260637,other,cued
2.4197594520719226,other,cued
2.1440449815068034,other,cued
2.3110159048650774,other,uncued
2.7694818372960746,other,uncued
3.0630103674086118,other,uncued
