value,prepost
2.287982456784197,pre
2.1841261870595794,pre
4.340043018041046,post
4.076421452815318,post
