cue,trial_type,max
cued,same,56.35046003556532
cued,other,57.5594600699963
uncued,same,56.11089789008137
uncued,other,56.78232792803649
