value,prepost
2.52340207904175,pre
2.339511075334032,pre
2.1841261870595794,pre
4.745633324220216,post
3.9316016765708843,post
4.5809475989017585,post
