trial_type,max
same,44.77633692336649
other,45.37591145413085
