value,trial_type
3.416611538586831,same
3.376800754681225,same
3.3729928603146977,same
2.4615049288155935,other
2.2207044614558256,other
2.4585007385221687,other
