value,cued,prepost
2.5763380930028297,cued,pre
2.559462538420834,cued,pre
2.6607090753031515,cued,pre
3.077252353169345,cued,post
2.5269514987858286,cued,post
3.0497302891220515,cued,post
1.6383656645810218,uncued,pre
1.927947227217192,uncued,pre
1.989366801199152,uncued,pre
3.8071936766540846,uncued,post
3.640466523444607,uncued,post
3.6823275600516387,uncued,post
